NUTS_ID,name,value
SE06,WoodlandForest_prod,2586.01575
FI13,WoodlandForest_prod,2384.6805
FI17,WoodlandForest_prod,1875.193125
SE09,WoodlandForest_prod,1800.4245
FR61,WoodlandForest_prod,1755.943375
SE02,WoodlandForest_prod,1754.412875
FI14,WoodlandForest_prod,1729.759
EE00,WoodlandForest_prod,1447.342625
SE0A,WoodlandForest_prod,1313.40375
HR,WoodlandForest_prod,1272.842625
LV00,WoodlandForest_prod,1257.096125
LT00,WoodlandForest_prod,1107.695
PT12,WoodlandForest_prod,970.436
FR62,WoodlandForest_prod,948.0025
AT22,WoodlandForest_prod,857.3346725875367
ES51,WoodlandForest_prod,711.3094375
FR71,WoodlandForest_prod,706.412125
AT12,WoodlandForest_prod,696.9731875
ES11,WoodlandForest_prod,663.958875
PL04,WoodlandForest_prod,654.705
IT51,WoodlandForest_prod,631.3554375
SE08,WoodlandForest_prod,604.2194375
PL0G,WoodlandForest_prod,599.686875
PL0E,WoodlandForest_prod,587.9221875
FR63,WoodlandForest_prod,558.9489375
DE21,WoodlandForest_prod,554.2661875
FR81,WoodlandForest_prod,531.995125
PT13,WoodlandForest_prod,517.60221875
RO05,WoodlandForest_prod,507.32371875
PL0B,WoodlandForest_prod,506.11778125
CZ03,WoodlandForest_prod,490.094875
DE40,WoodlandForest_prod,488.58878125
FR41,WoodlandForest_prod,466.4494375
ES12,WoodlandForest_prod,460.3278125
BG05,WoodlandForest_prod,456.34471875
RO07,WoodlandForest_prod,447.66525
SE04,WoodlandForest_prod,445.97828125
BG06,WoodlandForest_prod,425.50440625
PL01,WoodlandForest_prod,415.71247428226366
AT31,WoodlandForest_prod,414.52984375
FR26,WoodlandForest_prod,408.81440625
FR43,WoodlandForest_prod,406.546
IE02,WoodlandForest_prod,400.92740625
ES22,WoodlandForest_prod,384.78255492152755
PL0A,WoodlandForest_prod,389.39028125
SK03,WoodlandForest_prod,387.4605625
SK04,WoodlandForest_prod,380.76053125
PT11,WoodlandForest_prod,377.91621875
DE13,WoodlandForest_prod,373.805625
PL0C,WoodlandForest_prod,367.14325
DE11,WoodlandForest_prod,352.0068136562861
BG03,WoodlandForest_prod,354.7941875
DE27,WoodlandForest_prod,352.9059375
ES21,WoodlandForest_prod,352.7848125
IT52,WoodlandForest_prod,347.97658030437987
CZ06,WoodlandForest_prod,337.26517815767454
PL0F,WoodlandForest_prod,337.99978125
FR42,WoodlandForest_prod,329.1538125
IT60,WoodlandForest_prod,328.40125
CZ05,WoodlandForest_prod,312.142875
FR72,WoodlandForest_prod,307.75996875
IT93,WoodlandForest_prod,289.76815625
SE07,WoodlandForest_prod,280.90646875
HU04,WoodlandForest_prod,278.9872116836781
CZ04,WoodlandForest_prod,267.2849375
SI00,WoodlandForest_prod,266.47575
DK00,WoodlandForest_prod,266.16034375
FR53,WoodlandForest_prod,261.7056875
HU03,WoodlandForest_prod,249.78684663612898
CZ02,WoodlandForest_prod,258.628359375
AT21,WoodlandForest_prod,251.404796875
IE01,WoodlandForest_prod,241.5044375
PL09,WoodlandForest_prod,237.904671875
DE14,WoodlandForest_prod,236.98890625
DE71,WoodlandForest_prod,227.96984375
DE12,WoodlandForest_prod,226.109953125
ES13,WoodlandForest_prod,225.914875
ES41,WoodlandForest_prod,199.804033973728
BG02,WoodlandForest_prod,221.67334375
PL08,WoodlandForest_prod,220.667734375
CZ07,WoodlandForest_prod,215.84218551040675
ES61,WoodlandForest_prod,203.897609375
FI16,WoodlandForest_prod,200.889375
DEB1,WoodlandForest_prod,200.04671875
DED2,WoodlandForest_prod,197.025125
SK02,WoodlandForest_prod,191.10134375
PT14,WoodlandForest_prod,189.179171875
AT32,WoodlandForest_prod,179.207203125
PL06,WoodlandForest_prod,177.52321875
PL07,WoodlandForest_prod,177.4850625
DE22,WoodlandForest_prod,174.59925
GR23,WoodlandForest_prod,174.07303125
DEB2,WoodlandForest_prod,161.5819375
RO04,WoodlandForest_prod,156.88228125
DE25,WoodlandForest_prod,153.20609375
CZ08,WoodlandForest_prod,152.27521875
BE34,WoodlandForest_prod,149.967109375
DEA2,WoodlandForest_prod,149.585046875
PL0D,WoodlandForest_prod,143.08408848487343
PL02,WoodlandForest_prod,148.634171875
DE91,WoodlandForest_prod,136.939390625
RO01,WoodlandForest_prod,134.11359375
HU06,WoodlandForest_prod,133.16769125833522
DEA5,WoodlandForest_prod,133.71353125
GR11,WoodlandForest_prod,131.87859375
HU02,WoodlandForest_prod,128.6205546875
AT11,WoodlandForest_prod,125.286734375
RO03,WoodlandForest_prod,125.030671875
AT33,WoodlandForest_prod,124.7924921875
DEB3,WoodlandForest_prod,121.1252109375
HU05,WoodlandForest_prod,120.1753828125
FR24,WoodlandForest_prod,119.4029296875
DE92,WoodlandForest_prod,117.64684402871904
RO06,WoodlandForest_prod,115.1760859375
AT34,WoodlandForest_prod,111.544125
GR14,WoodlandForest_prod,108.8384609375
SE01,WoodlandForest_prod,108.0617578125
GR24,WoodlandForest_prod,103.9639765625
DE72,WoodlandForest_prod,101.4204375
FI15,WoodlandForest_prod,101.005875
GR25,WoodlandForest_prod,97.105296875
DE93,WoodlandForest_prod,96.621734375
PL03,WoodlandForest_prod,93.83440625
BE33,WoodlandForest_prod,88.0089609375
DE26,WoodlandForest_prod,84.7029765625
FR21,WoodlandForest_prod,82.37196875
LU00,WoodlandForest_prod,77.5367890625
BE35,WoodlandForest_prod,76.82765625
DEE3,WoodlandForest_prod,74.920234375
DED1,WoodlandForest_prod,74.618671875
DE80,WoodlandForest_prod,70.57825
DEA4,WoodlandForest_prod,69.2763984375
FR52,WoodlandForest_prod,67.656640625
DE23,WoodlandForest_prod,66.80678125
ES24,WoodlandForest_prod,66.6265859375
DE73,WoodlandForest_prod,60.89502196540923
IT53,WoodlandForest_prod,63.91052734375
DE24,WoodlandForest_prod,59.50883203125
GR21,WoodlandForest_prod,59.06749609375
PL05,WoodlandForest_prod,58.08194921875
HU07,WoodlandForest_prod,52.10727734375
NL22,WoodlandForest_prod,49.112046875
GR13,WoodlandForest_prod,45.78695703125
GR12,WoodlandForest_prod,44.382984375
DEA1,WoodlandForest_prod,42.86058984375
IT92,WoodlandForest_prod,42.19740234375
BE21,WoodlandForest_prod,39.97576171875
BE32,WoodlandForest_prod,38.09863255257116
DEE1,WoodlandForest_prod,39.13457421875
NL41,WoodlandForest_prod,38.8543671875
DEA3,WoodlandForest_prod,37.737328125
IT20,WoodlandForest_prod,34.93987109375
NL23,WoodlandForest_prod,30.209810641770876
NL21,WoodlandForest_prod,33.92203125
IT11,WoodlandForest_prod,33.51037109375
BG04,WoodlandForest_prod,33.3815078125
BE22,WoodlandForest_prod,33.287671875
IT40,WoodlandForest_prod,30.968546875
ES43,WoodlandForest_prod,30.46761328125
IT33,WoodlandForest_prod,28.32219140625
DEF0,WoodlandForest_prod,27.6142265625
IT80,WoodlandForest_prod,27.26826171875
HU01,WoodlandForest_prod,20.63895451329072
DED3,WoodlandForest_prod,20.734921875
DE30,WoodlandForest_prod,20.328823144347997
SK01,WoodlandForest_prod,19.785849609375
BE24,WoodlandForest_prod,18.530513671875
BE23,WoodlandForest_prod,18.228404296875
FR30,WoodlandForest_prod,16.8218984375
IT71,WoodlandForest_prod,14.4674775390625
IT31,WoodlandForest_prod,14.4643388671875
AT13,WoodlandForest_prod,14.029788444639504
DEC0,WoodlandForest_prod,11.1570673828125
DE60,WoodlandForest_prod,10.2009541015625
BE31,WoodlandForest_prod,8.346095743502543
NL31,WoodlandForest_prod,8.5804677734375
NL32,WoodlandForest_prod,7.80155322265625
NL34,WoodlandForest_prod,6.9536943359375
RO02,WoodlandForest_prod,5.6619052734375
BE25,WoodlandForest_prod,5.5762783203125
IT13,WoodlandForest_prod,4.962640625
DEG0,WoodlandForest_prod,4.94534228515625
DE94,WoodlandForest_prod,4.4357880859375
ES23,WoodlandForest_prod,0
BG01,WoodlandForest_prod,3.77362744140625
NL13,WoodlandForest_prod,3.7674912109375
NL42,WoodlandForest_prod,3.5058525390625
CZ01,WoodlandForest_prod,2.850565035006549
FR23,WoodlandForest_prod,1.9068123779296875
FI20,WoodlandForest_prod,1.4534453125
BE10,WoodlandForest_prod,1.4331876220703126
RO08,WoodlandForest_prod,1.376044677734375
IT32,WoodlandForest_prod,0.5810880126953125
GR30,WoodlandForest_prod,0.5151253051757813
NL33,WoodlandForest_prod,0.4056506652832031
GR22,WoodlandForest_prod,0.1862322082519531
FR82,WoodlandForest_prod,0
ITA0,WoodlandForest_prod,0
FR22,WoodlandForest_prod,0
CY00,WoodlandForest_prod,0
DE50,WoodlandForest_prod,0
DEE2,WoodlandForest_prod,0
ES30,WoodlandForest_prod,0
ES42,WoodlandForest_prod,0
ES52,WoodlandForest_prod,0
ES53,WoodlandForest_prod,0
ES62,WoodlandForest_prod,0
ES63,WoodlandForest_prod,0
FR10,WoodlandForest_prod,0
FR25,WoodlandForest_prod,0
FR51,WoodlandForest_prod,0
FR83,WoodlandForest_prod,0
GR41,WoodlandForest_prod,0
GR42,WoodlandForest_prod,0
GR43,WoodlandForest_prod,0
IT12,WoodlandForest_prod,0
IT72,WoodlandForest_prod,0
IT91,WoodlandForest_prod,0
ITB0,WoodlandForest_prod,0
MT00,WoodlandForest_prod,0
NL11,WoodlandForest_prod,0
NL12,WoodlandForest_prod,0
PT15,WoodlandForest_prod,0
