NUTS_ID,name,value
AT11,LightCropland,7.885385137937299
AT12,LightCropland,42.910786182240635
AT13,LightCropland,0
AT21,LightCropland,39.151452187623725
AT31,LightCropland,25.299448852638868
BE10,LightCropland,0
BE21,LightCropland,1.5988666666666669
BE22,LightCropland,5.4037
BE23,LightCropland,5.479266666666667
BE24,LightCropland,2.433233333333334
BE25,LightCropland,6.569500000000001
BE31,LightCropland,0
BE32,LightCropland,0
BE33,LightCropland,1.6713333333333331
BE34,LightCropland,0.8363
BE35,LightCropland,5.426833333333334
BG01,LightCropland,20.955366666666663
BG02,LightCropland,54.03738928898653
BG03,LightCropland,484.4340569528589
BG04,LightCropland,7.528066666666667
BG05,LightCropland,182.46173976555468
BG06,LightCropland,4.309733333333333
CZ01,LightCropland,0.14645745952640377
CZ02,LightCropland,115.222026924306
CZ03,LightCropland,608.4309869741456
CZ04,LightCropland,14.101133333333337
CZ05,LightCropland,19.514133333333337
CZ06,LightCropland,86.8817072358308
CZ07,LightCropland,1.850553218740047
CZ08,LightCropland,6.301466666666666
DE11,LightCropland,6.059071306025674
DE12,LightCropland,29.546142053358967
DE13,LightCropland,7.633066666666667
DE14,LightCropland,5.249766666666667
DE21,LightCropland,10.797233333333333
DE22,LightCropland,232.01032703976668
DE23,LightCropland,27.2086005204055
DE24,LightCropland,88.44705814831083
DE25,LightCropland,5.827690809620901
DE26,LightCropland,16.447666666666667
DE27,LightCropland,14.620293333333333
DE30,LightCropland,0
DE40,LightCropland,18.293966666666662
DE50,LightCropland,0
DE60,LightCropland,0.4575
DE71,LightCropland,5.579
DE72,LightCropland,10.104727420890285
DE73,LightCropland,2.48726962690476
DE80,LightCropland,19.4664
DE91,LightCropland,13.451066666666668
DE92,LightCropland,8.415333333333333
DE94,LightCropland,20.462266666666668
DEA1,LightCropland,4.733733333333333
DEA2,LightCropland,0.9737333333333332
DEA3,LightCropland,39.66526666666667
DEA4,LightCropland,7.407066666666666
DEA5,LightCropland,1.0990333333333333
DEB1,LightCropland,2.0226333333333333
DEB2,LightCropland,13.714313694260833
DEB3,LightCropland,16.1628
DEC0,LightCropland,0.2522666666666667
DED1,LightCropland,3.795238313333334
DED2,LightCropland,8.6636
DED3,LightCropland,5.9548
DEE1,LightCropland,7.341233333333334
DEE2,LightCropland,0.8664999999999999
DEE3,LightCropland,26.802766666666667
DEF0,LightCropland,16.040643333333524
DEG0,LightCropland,28.40899240008003
DK00,LightCropland,29.5441
EE00,LightCropland,73.75327303025736
ES12,LightCropland,22.32213333333333
ES21,LightCropland,7.7430548
ES22,LightCropland,0
ES23,LightCropland,53.591935564663174
ES24,LightCropland,216.40304233024432
ES41,LightCropland,203.28169476954184
ES43,LightCropland,71.54056666666666
ES51,LightCropland,142.70772491619886
ES52,LightCropland,106.02781522924748
ES53,LightCropland,100.2246541944818
ES61,LightCropland,519.3558096745594
ES62,LightCropland,59.84856188465992
FI14,LightCropland,1.8141666666666667
FI15,LightCropland,4.4037999999999995
FI16,LightCropland,0
FI17,LightCropland,721.4357549021473
FI20,LightCropland,0
FR10,LightCropland,6.366099999999999
FR21,LightCropland,76.77506666666666
FR22,LightCropland,5.956863333333334
FR23,LightCropland,0.4747666666666666
FR24,LightCropland,25.727
FR25,LightCropland,2.5653333333333332
FR26,LightCropland,14.1501
FR30,LightCropland,2.824033333333333
FR41,LightCropland,550.6643458807014
FR42,LightCropland,17.276266666666668
FR43,LightCropland,4.4627
FR51,LightCropland,280.0185392473094
FR52,LightCropland,35.0711
FR53,LightCropland,157.9735036917324
FR61,LightCropland,68.13170000000001
FR62,LightCropland,111.54377136
FR63,LightCropland,5.800533333333333
FR71,LightCropland,24.6263
FR72,LightCropland,8.121833333333333
FR81,LightCropland,143.49212270980436
FR82,LightCropland,391.15322014168
FR83,LightCropland,22.416092501260938
GR11,LightCropland,74.5832305521328
GR12,LightCropland,38.34043333333333
GR13,LightCropland,153.03271120855234
GR14,LightCropland,48.19766103483812
GR21,LightCropland,16.434
GR22,LightCropland,31.219240312257
GR23,LightCropland,146.98949710441048
GR24,LightCropland,29.906633333333332
GR25,LightCropland,46.93738296628654
GR30,LightCropland,7.021666666666667
GR41,LightCropland,14.322966666666666
GR42,LightCropland,8.9606
GR43,LightCropland,44.911656666666666
HU01,LightCropland,18.06959950026991
HU02,LightCropland,15.13511916666667
HU03,LightCropland,7.3459157858854915
HU04,LightCropland,75.09961951223777
HU05,LightCropland,19.143285874813
HU06,LightCropland,76.08962302916855
HU07,LightCropland,24.159899999999997
IE01,LightCropland,6.489866666666667
IE02,LightCropland,1.9369666666666667
IT11,LightCropland,47.035272375548544
IT20,LightCropland,19.827991050419524
IT32,LightCropland,252.91149701294
IT33,LightCropland,33.01566388749043
IT40,LightCropland,47.76916666666667
IT51,LightCropland,24.3496
IT52,LightCropland,56.39274680373758
IT53,LightCropland,182.4351421251937
IT60,LightCropland,105.561647032157
IT71,LightCropland,39.95976666666667
IT72,LightCropland,35.99453333333333
IT80,LightCropland,165.8426216374269
IT91,LightCropland,108.0621
IT92,LightCropland,61.26703333333333
IT93,LightCropland,68.8961
ITA0,LightCropland,239.1675666826758
ITB0,LightCropland,110.6483
LT00,LightCropland,222.72532158548535
LU00,LightCropland,19.8692
LV00,LightCropland,37.81106666666667
NL11,LightCropland,4.043666666666667
NL12,LightCropland,0.7484999999999999
NL13,LightCropland,8.784333333333334
NL21,LightCropland,8.4411
NL22,LightCropland,7.4456
NL23,LightCropland,0
NL31,LightCropland,0.4239
NL32,LightCropland,3.1012
NL33,LightCropland,0.6813333333333333
NL34,LightCropland,0.619
NL41,LightCropland,19.9396
NL42,LightCropland,2.8134
PL01,LightCropland,2.4238
PL02,LightCropland,148.05203333333333
PL03,LightCropland,21.725399999999997
PL04,LightCropland,1.8242333333333332
PL05,LightCropland,7.598866666666667
PL06,LightCropland,10.608329161066132
PL07,LightCropland,688.9642327442764
PL08,LightCropland,1.0780333333333334
PL09,LightCropland,3.5666395004834333
PL0A,LightCropland,26.069526837844567
PL0B,LightCropland,6.8567038487830665
PL0C,LightCropland,146.07944767249535
PL0D,LightCropland,0
PL0E,LightCropland,12.630118747554969
PL0G,LightCropland,7.9621666666666675
PT11,LightCropland,46.2563
PT12,LightCropland,157.29789017715638
PT13,LightCropland,61.87347546666667
PT14,LightCropland,94.30603333333332
PT15,LightCropland,31.626738312737167
RO01,LightCropland,22.7467
RO02,LightCropland,29.731866666666665
RO03,LightCropland,24.782833333333333
RO04,LightCropland,33.90876333512834
RO05,LightCropland,101.75284809304772
RO06,LightCropland,70.84893333333333
RO07,LightCropland,46.98351674512333
SE01,LightCropland,2.0584333333333333
SE04,LightCropland,217.9872441165003
SE09,LightCropland,4.725
SE0A,LightCropland,38.541931498950234
SI00,LightCropland,10.4179083042146
SK01,LightCropland,0.6144666666666666
SK02,LightCropland,3.8219333333333334
SK03,LightCropland,20.326233333333334
SK04,LightCropland,14.916200000000002
AT22,LightCropland,183.61284569761432
ES11,LightCropland,192.21866371433632
ES42,LightCropland,1657.0041510182732
FI13,LightCropland,2.9783344325524097
SE02,LightCropland,784.685318909696
SE08,LightCropland,39.1136183195339
SE06,LightCropland,2.712066666666667
SE07,LightCropland,0.3308666666666667
AT32,LightCropland,0.9800666666666666
AT33,LightCropland,1.3757333333333337
AT34,LightCropland,0.6407333333333333
DE93,LightCropland,25.373633333333338
ES13,LightCropland,7.6505
ES30,LightCropland,41.5966
ES63,LightCropland,0
IT12,LightCropland,2.455766666666667
IT13,LightCropland,11.748333333333331
IT31,LightCropland,14.627366666666669
PL0F,LightCropland,255.37746666666663
RO08,LightCropland,0.2294
