NUTS_ID,name,value
AT11,MinimalCropland,7.902794176375867
AT12,MinimalCropland,15.404533333333333
AT13,MinimalCropland,0.09849999999999999
AT21,MinimalCropland,3.7846488617270917
AT31,MinimalCropland,9.597766666666667
BE10,MinimalCropland,0.0019333333333333331
BE21,MinimalCropland,1.5988666666666667
BE22,MinimalCropland,5.4037
BE23,MinimalCropland,5.479266666666667
BE24,MinimalCropland,2.4332333333333334
BE25,MinimalCropland,6.569500000000001
BE31,MinimalCropland,0.5294
BE32,MinimalCropland,0.5708666666666666
BE33,MinimalCropland,1.6713333333333333
BE34,MinimalCropland,0.8363
BE35,MinimalCropland,5.426833333333334
BG01,MinimalCropland,20.955366666666666
BG02,MinimalCropland,46.74412110238671
BG03,MinimalCropland,54.574533333333335
BG04,MinimalCropland,7.528066666666667
BG05,MinimalCropland,46.30895145602176
BG06,MinimalCropland,4.309733333333333
CZ01,MinimalCropland,0.3672333333333333
CZ02,MinimalCropland,12.9184
CZ03,MinimalCropland,7.110366666666667
CZ04,MinimalCropland,15.908004348215334
CZ05,MinimalCropland,19.515133333333335
CZ06,MinimalCropland,6.202233333333333
CZ07,MinimalCropland,4.482833333333333
CZ08,MinimalCropland,6.301466666666666
DE11,MinimalCropland,12.401033333333332
DE12,MinimalCropland,4.997366666666667
DE13,MinimalCropland,7.633066666666667
DE14,MinimalCropland,5.249766666666667
DE21,MinimalCropland,22.74608189897337
DE22,MinimalCropland,64.06346005818567
DE23,MinimalCropland,15.909059224301068
DE24,MinimalCropland,3.2451333333333334
DE25,MinimalCropland,7.2674708014185
DE26,MinimalCropland,16.447666666666667
DE27,MinimalCropland,16.1249783584007
DE30,MinimalCropland,0.07133333333333333
DE40,MinimalCropland,18.293966666666666
DE50,MinimalCropland,0.08326666666666667
DE60,MinimalCropland,0.4575
DE71,MinimalCropland,5.579
DE72,MinimalCropland,0.19493333333333332
DE73,MinimalCropland,3.0356
DE80,MinimalCropland,19.62582960489947
DE91,MinimalCropland,13.451066666666668
DE92,MinimalCropland,8.415333333333333
DE94,MinimalCropland,20.462266666666668
DEA1,MinimalCropland,4.733733333333333
DEA2,MinimalCropland,0.9737333333333332
DEA3,MinimalCropland,39.66643333333334
DEA4,MinimalCropland,7.407066666666666
DEA5,MinimalCropland,1.0990333333333333
DEB1,MinimalCropland,2.0226333333333333
DEB2,MinimalCropland,2.3518333333333334
DEB3,MinimalCropland,16.1628
DEC0,MinimalCropland,0.25232735502529197
DED1,MinimalCropland,49.10472019628667
DED2,MinimalCropland,40.48155244912066
DED3,MinimalCropland,11.423676173175133
DEE1,MinimalCropland,7.341233333333334
DEE2,MinimalCropland,0.8664999999999999
DEE3,MinimalCropland,26.802766666666667
DEF0,MinimalCropland,67.44132189802167
DEG0,MinimalCropland,8.519333333333334
DK00,MinimalCropland,29.5441
EE00,MinimalCropland,12.909866666666666
ES12,MinimalCropland,22.32213333333333
ES21,MinimalCropland,6.4064000000000005
ES22,MinimalCropland,4.260433333333333
ES23,MinimalCropland,11.8211
ES24,MinimalCropland,56.75223333333333
ES41,MinimalCropland,229.77750000000034
ES42,MinimalCropland,567.5574333333333
ES43,MinimalCropland,188.31444431964968
ES51,MinimalCropland,130.89176666666665
ES52,MinimalCropland,485.92920637887767
ES53,MinimalCropland,24.1917798993477
ES61,MinimalCropland,286.25970000000035
ES62,MinimalCropland,132.05115029239764
FI13,MinimalCropland,0.9124
FI14,MinimalCropland,1.8141666666666667
FI15,MinimalCropland,4.4037999999999995
FI16,MinimalCropland,0.040633333333333334
FI17,MinimalCropland,0.8361333333333333
FI20,MinimalCropland,0.0467
FR10,MinimalCropland,6.366099999999999
FR21,MinimalCropland,76.77506666666666
FR22,MinimalCropland,5.454933333333333
FR23,MinimalCropland,0.4747666666666666
FR24,MinimalCropland,25.727
FR25,MinimalCropland,2.5653333333333332
FR26,MinimalCropland,14.1501
FR30,MinimalCropland,2.824033333333333
FR41,MinimalCropland,22.483733333333333
FR42,MinimalCropland,17.276266666666668
FR43,MinimalCropland,4.4627
FR51,MinimalCropland,18.879133333333332
FR52,MinimalCropland,35.0711
FR53,MinimalCropland,67.79086666666667
FR61,MinimalCropland,68.13170000000001
FR62,MinimalCropland,110.79790000000001
FR63,MinimalCropland,5.800533333333333
FR71,MinimalCropland,24.6263
FR72,MinimalCropland,8.121833333333333
FR81,MinimalCropland,50.27186666666666
FR82,MinimalCropland,27.0583
FR83,MinimalCropland,4.128033333333334
GR11,MinimalCropland,6.759799999999999
GR12,MinimalCropland,38.34043333333333
GR13,MinimalCropland,35.76030010043934
GR14,MinimalCropland,43.24333333333333
GR21,MinimalCropland,16.434
GR22,MinimalCropland,10.6366
GR23,MinimalCropland,20.22746666666667
GR24,MinimalCropland,29.906633333333332
GR25,MinimalCropland,78.97570594752924
GR30,MinimalCropland,7.021666666666667
GR41,MinimalCropland,14.322966666666666
GR42,MinimalCropland,8.9606
GR43,MinimalCropland,33.333466666666666
HU01,MinimalCropland,19.927866666666667
HU02,MinimalCropland,14.563866666666668
HU03,MinimalCropland,17.412333333333333
HU04,MinimalCropland,55.85734934109533
HU05,MinimalCropland,10.5481
HU06,MinimalCropland,76.80933333333333
HU07,MinimalCropland,24.159899999999997
IE01,MinimalCropland,6.489866666666667
IE02,MinimalCropland,1.9369666666666667
IT11,MinimalCropland,42.93463333333333
IT20,MinimalCropland,15.338433333333334
IT32,MinimalCropland,22.0975
IT33,MinimalCropland,4.929233333333333
IT40,MinimalCropland,47.76916666666667
IT51,MinimalCropland,24.3496
IT52,MinimalCropland,54.56677942241867
IT53,MinimalCropland,15.437366666666668
IT60,MinimalCropland,105.36466666666666
IT71,MinimalCropland,39.95976666666667
IT72,MinimalCropland,35.99453333333333
IT80,MinimalCropland,67.5043
IT91,MinimalCropland,108.0621
IT92,MinimalCropland,61.26703333333333
IT93,MinimalCropland,68.8961
ITA0,MinimalCropland,237.41016666666667
ITB0,MinimalCropland,110.6483
LT00,MinimalCropland,243.94081891310037
LU00,MinimalCropland,19.8692
LV00,MinimalCropland,37.81106666666667
NL11,MinimalCropland,4.043666666666667
NL13,MinimalCropland,8.784333333333334
NL22,MinimalCropland,7.4456
NL23,MinimalCropland,0.40786666666666666
NL31,MinimalCropland,0.4239
NL32,MinimalCropland,3.1012
NL33,MinimalCropland,0.6813333333333333
NL34,MinimalCropland,0.619
NL41,MinimalCropland,19.939600000000002
NL42,MinimalCropland,2.8134
PL01,MinimalCropland,2.4238
PL02,MinimalCropland,148.05203333333333
PL03,MinimalCropland,21.725399999999997
PL04,MinimalCropland,1.8242333333333332
PL05,MinimalCropland,7.598866666666667
PL06,MinimalCropland,5.127709005853533
PL07,MinimalCropland,21.957933333333333
PL08,MinimalCropland,1.0780333333333334
PL09,MinimalCropland,12.950040634496835
PL0A,MinimalCropland,13.920366666666666
PL0B,MinimalCropland,5.3701333333333325
PL0C,MinimalCropland,5.660433333333334
PL0D,MinimalCropland,4.2922
PL0E,MinimalCropland,12.630118747554967
PL0G,MinimalCropland,7.9621666666666675
PT11,MinimalCropland,46.2563
PT12,MinimalCropland,81.59956666666666
PT13,MinimalCropland,176.44084522764567
PT14,MinimalCropland,408.2056418869673
PT15,MinimalCropland,17.022177892459666
RO01,MinimalCropland,22.7467
RO02,MinimalCropland,29.731866666666665
RO03,MinimalCropland,24.782833333333333
RO04,MinimalCropland,32.853833333333334
RO05,MinimalCropland,26.069933333333335
RO06,MinimalCropland,70.84893333333333
RO07,MinimalCropland,43.346425495123334
SE01,MinimalCropland,2.0584333333333333
SE04,MinimalCropland,1.4242436020033467
SE09,MinimalCropland,4.0409999999999995
SE0A,MinimalCropland,382.34397358248833
SI00,MinimalCropland,10.541048668698
SK01,MinimalCropland,0.6144666666666666
SK02,MinimalCropland,3.8219333333333334
SK03,MinimalCropland,20.326233333333334
SK04,MinimalCropland,14.916200000000002
AT22,MinimalCropland,14.689933333333334
ES11,MinimalCropland,76.49824021704534
SE02,MinimalCropland,10.9566
SE06,MinimalCropland,30.301578146541964
SE08,MinimalCropland,117.236044808284
SE07,MinimalCropland,155.70697229674667
AT32,MinimalCropland,0.9800666666666666
AT33,MinimalCropland,1.3757333333333335
AT34,MinimalCropland,0.6407333333333333
DE93,MinimalCropland,25.373633333333334
ES13,MinimalCropland,7.6505
ES30,MinimalCropland,41.5966
ES63,MinimalCropland,0.0026666666666666666
IT12,MinimalCropland,2.455766666666667
IT13,MinimalCropland,11.748333333333333
IT31,MinimalCropland,14.627366666666667
NL12,MinimalCropland,0.7484999999999999
NL21,MinimalCropland,8.4411
PL0F,MinimalCropland,255.37746666666666
RO08,MinimalCropland,0.22940000000000002
