NUTS_ID,name,value
AT11,pasture_low,3.72749837965016
AT12,pasture_low,24.557722559356
AT21,pasture_low,69.6699675816352
AT22,pasture_low,90.8879693596693
AT31,pasture_low,27.1818042800759
AT32,pasture_low,81.7463084440206
AT33,pasture_low,129.038737353765
AT34,pasture_low,31.6776034646448
BE21,pasture_low,1.22505012242188
BE22,pasture_low,1.37690712270836
BE24,pasture_low,2.33362918158564
BE25,pasture_low,0.630977755346587
BE31,pasture_low,0
BE32,pasture_low,0
BE33,pasture_low,1.27068846277791
BE34,pasture_low,2.95337685843203
BE35,pasture_low,0.988484773085925
BG01,pasture_low,52.288826649334
BG02,pasture_low,54.2150768817997
BG03,pasture_low,22.820724223607
BG04,pasture_low,73.3433054016063
BG05,pasture_low,256.100824068176
BG06,pasture_low,60.2759054856706
CZ02,pasture_low,4.23561780906115
CZ03,pasture_low,75.9041400578872
CZ04,pasture_low,28.3951259236765
CZ05,pasture_low,14.8089124263449
CZ06,pasture_low,34.481358948959866
CZ07,pasture_low,59.643280233352414
CZ08,pasture_low,4.40575883393035
DK00,pasture_low,1.17422368770915
EE00,pasture_low,197.703512248113
FI13,pasture_low,26.921894191698
FI14,pasture_low,15.5190238136749
FI15,pasture_low,104.687586793146
FI16,pasture_low,1.73223231126317
FI17,pasture_low,6.45912593722552
FI20,pasture_low,3.03340566461576
FR10,pasture_low,0
FR21,pasture_low,41.8267690948208
FR22,pasture_low,3.26404891103489
FR23,pasture_low,13.6928458098829
FR24,pasture_low,42.8188057276925
FR25,pasture_low,21.4924836018786
FR26,pasture_low,12.3490422467428
FR30,pasture_low,5.16831242176112
FR41,pasture_low,68.7268292155692
FR42,pasture_low,2.16533202105566
FR43,pasture_low,14.2156293393624
FR51,pasture_low,56.9362145922525
FR52,pasture_low,61.739819511611
FR53,pasture_low,0
FR61,pasture_low,39.9738736218614
FR62,pasture_low,190.64984670564
FR63,pasture_low,17.3688310195285
FR71,pasture_low,21.6158908579828
FR72,pasture_low,44.7190790926532
FR81,pasture_low,0
FR82,pasture_low,0.959677676576784
FR83,pasture_low,14.2563112790128
DE11,pasture_low,31.507190100456143
DE12,pasture_low,4.78332724654236
DE13,pasture_low,43.1443921368282
DE14,pasture_low,25.346961719286
DE21,pasture_low,1.34084166285916
DE22,pasture_low,21.908566098022
DE23,pasture_low,3.45028457440095
DE24,pasture_low,22.8764032042777
DE25,pasture_low,17.6998976543645
DE26,pasture_low,42.1421070417688
DE27,pasture_low,0
DE30,pasture_low,0
DE40,pasture_low,0.267488723933941
DE50,pasture_low,0.338460295790077
DE60,pasture_low,0
DE71,pasture_low,1.26442524365191
DE72,pasture_low,4.38471335234913
DE73,pasture_low,5.52068214209607
DE80,pasture_low,0
DE91,pasture_low,16.6631497209668
DE92,pasture_low,24.3316361600547
DE93,pasture_low,8.20327420322362
DE94,pasture_low,97.7503841171205
DEA1,pasture_low,1.36534122208043
DEA2,pasture_low,77.2215869397867
DEA3,pasture_low,0.134071497193284
DEA4,pasture_low,3.04874988602053
DEA5,pasture_low,8.98394482953712
DEB1,pasture_low,3.59871774511145
DEB2,pasture_low,16.912962475031
DEB3,pasture_low,2.62873903865686
DEC0,pasture_low,4.84369029368712
DED1,pasture_low,4.21418508973878
DED2,pasture_low,6.26488368044677
DED3,pasture_low,0.406312319955976
DEE1,pasture_low,0
DEE2,pasture_low,0
DEE3,pasture_low,3.15082603031654
DEF0,pasture_low,51.1197122709767
DEG0,pasture_low,12.7210842313321
GR11,pasture_low,77.4660700591042
GR12,pasture_low,147.689696488665
GR13,pasture_low,77.8667734914609
GR14,pasture_low,94.8632258795013
GR21,pasture_low,38.7770133807819
GR22,pasture_low,20.189254039651
GR23,pasture_low,8.8608356641985
GR24,pasture_low,106.876060863287
GR25,pasture_low,44.4589345150294
GR30,pasture_low,16.9364870751681
GR41,pasture_low,13.1474004042829
GR42,pasture_low,0
GR43,pasture_low,83.7603633278992
HU01,pasture_low,35.007080244992444
HU02,pasture_low,37.6115508190079
HU03,pasture_low,9.06118739579166
HU04,pasture_low,36.974709887187544
HU05,pasture_low,3.32619695869818
HU06,pasture_low,159.39632191970523
HU07,pasture_low,26.8639825885946
IE01,pasture_low,53.7566882683489
IE02,pasture_low,69.6180718130977
IT11,pasture_low,123.612622011841
IT12,pasture_low,16.6995603341843
IT13,pasture_low,16.4361793236715
IT20,pasture_low,59.4647054841334
IT31,pasture_low,96.4614014215508
IT32,pasture_low,82.6956698120142
IT33,pasture_low,14.6475112789163
IT40,pasture_low,56.4060997529394
IT51,pasture_low,146.12396170306
IT52,pasture_low,40.933157109589814
IT53,pasture_low,48.6643529205762
IT60,pasture_low,118.822890599501
IT71,pasture_low,174.298472283378
IT72,pasture_low,37.3941069034023
IT80,pasture_low,33.0076255566833
IT91,pasture_low,24.3245786549666
IT92,pasture_low,38.2857031405436
IT93,pasture_low,178.228026591041
ITA0,pasture_low,544.004959581691
ITB0,pasture_low,197.965441532551
LV00,pasture_low,25.8827356327132
LT00,pasture_low,27.1131447811514
LU00,pasture_low,0
NL12,pasture_low,9.64830867495447
NL23,pasture_low,0
NL32,pasture_low,15.6548993640889
NL33,pasture_low,19.5925116925408
NL34,pasture_low,3.55106983250475
PL01,pasture_low,28.6352687950828
PL02,pasture_low,35.0116841991421
PL03,pasture_low,10.7606714763301
PL04,pasture_low,24.9252603642607
PL05,pasture_low,83.5515775914287
PL06,pasture_low,59.8950525619819
PL07,pasture_low,309.444926758814
PL08,pasture_low,11.4408168082223
PL09,pasture_low,55.3473968815452
PL0A,pasture_low,164.904302847131
PL0B,pasture_low,18.9181812822467
PL0C,pasture_low,40.740146858755
PL0D,pasture_low,15.030266186666996
PL0E,pasture_low,96.0158715450842
PL0F,pasture_low,74.469143378646
PL0G,pasture_low,51.2783195647443
PT11,pasture_low,34.3819011036366
PT12,pasture_low,54.5257031717665
PT13,pasture_low,2.52162128218606
PT14,pasture_low,285.085947987104
PT15,pasture_low,18.7061453110606
RO01,pasture_low,349.819318269508
RO02,pasture_low,238.569098366399
RO03,pasture_low,162.430332279132
RO04,pasture_low,222.011287526679
RO05,pasture_low,347.445566308699
RO06,pasture_low,514.032432255438
RO07,pasture_low,395.246627781536
RO08,pasture_low,3.25285331346029
SK01,pasture_low,1.1694755377853
SK02,pasture_low,2.2869155248027
SK03,pasture_low,65.9971801997737
SK04,pasture_low,50.1520841511094
SI00,pasture_low,34.5851151658152
ES21,pasture_low,55.8603834653907
ES22,pasture_low,76.65403001845596
ES23,pasture_low,39.74888350292406
ES24,pasture_low,523.81745175859
ES30,pasture_low,135.103511928265
ES41,pasture_low,1305.5618575856415
ES42,pasture_low,60.4320739048671
ES43,pasture_low,518.662720280923
ES51,pasture_low,444.830924501448
ES52,pasture_low,31.032921056494
ES53,pasture_low,0
ES61,pasture_low,2083.96536152231
ES62,pasture_low,177.319446655173
SE01,pasture_low,0.35942547001771
SE02,pasture_low,3.95946385552902
SE06,pasture_low,17.3061962037603
SE07,pasture_low,6.95274722522181
SE08,pasture_low,12.2762532453095
SE09,pasture_low,41.8534963456226
SE0A,pasture_low,77.4795685979485
