NUTS_ID,name,value
FI15,WoodlandForest_multi,4312.4825
ES41,WoodlandForest_multi,3559.39
SE07,WoodlandForest_multi,3097.84425
ES42,WoodlandForest_multi,2990.84125
SE08,WoodlandForest_multi,2947.793
ES61,WoodlandForest_multi,2730.97
ES24,WoodlandForest_multi,1937.567625
FI13,WoodlandForest_multi,1603.616375
LV00,WoodlandForest_multi,1293.933125
FR82,WoodlandForest_multi,1228.81
FR71,WoodlandForest_multi,1181.160125
SI00,WoodlandForest_multi,1116.663875
ES43,WoodlandForest_multi,1079.184125
ES11,WoodlandForest_multi,1062.94325
SE06,WoodlandForest_multi,1006.225125
ES51,WoodlandForest_multi,984.2150625
ES52,WoodlandForest_multi,949.6329375
FR24,WoodlandForest_multi,929.1638125
IT11,WoodlandForest_multi,795.4438125
RO06,WoodlandForest_multi,776.5110625
FR62,WoodlandForest_multi,771.077875
RO01,WoodlandForest_multi,738.67475
RO07,WoodlandForest_multi,722.08125
LT00,WoodlandForest_multi,651.5529375
FR26,WoodlandForest_multi,637.834125
RO05,WoodlandForest_multi,623.282
IT20,WoodlandForest_multi,604.6874375
IT31,WoodlandForest_multi,600.284625
FR81,WoodlandForest_multi,593.1114375
FR72,WoodlandForest_multi,590.679375
DEG0,WoodlandForest_multi,544.8840625
FR51,WoodlandForest_multi,539.587
IT40,WoodlandForest_multi,515.170375
DE40,WoodlandForest_multi,511.51684375
PL07,WoodlandForest_multi,504.499125
PL0F,WoodlandForest_multi,489.01590625
ITA0,WoodlandForest_multi,480.82490625
FR21,WoodlandForest_multi,480.0750625
BG05,WoodlandForest_multi,476.86775
RO03,WoodlandForest_multi,473.9776875
FI17,WoodlandForest_multi,473.85065625
PL03,WoodlandForest_multi,473.34784375
HR,WoodlandForest_multi,472.6015
ITB0,WoodlandForest_multi,471.49896875
IT32,WoodlandForest_multi,457.05084375
FR41,WoodlandForest_multi,451.64128125
RO04,WoodlandForest_multi,447.78296875
FI14,WoodlandForest_multi,442.20753125
IT51,WoodlandForest_multi,416.512375
ES62,WoodlandForest_multi,401.77165625
AT33,WoodlandForest_multi,380.5751875
IT91,WoodlandForest_multi,378.18225
DE23,WoodlandForest_multi,362.68921875
IT80,WoodlandForest_multi,358.25378125
FR53,WoodlandForest_multi,355.4918125
GR12,WoodlandForest_multi,345.51434375
GR14,WoodlandForest_multi,344.15678125
SK03,WoodlandForest_multi,338.66175
DE80,WoodlandForest_multi,335.30540625
FR83,WoodlandForest_multi,332.67640625
GR21,WoodlandForest_multi,327.97759375
PL09,WoodlandForest_multi,326.52084375
FR52,WoodlandForest_multi,324.1268125
IT71,WoodlandForest_multi,322.34196875
PT14,WoodlandForest_multi,322.0263125
ES30,WoodlandForest_multi,315.99559375
HU05,WoodlandForest_multi,310.92571875
GR13,WoodlandForest_multi,310.0166875
FR10,WoodlandForest_multi,309.45946875
GR24,WoodlandForest_multi,304.271375
FR43,WoodlandForest_multi,293.2060625
PL05,WoodlandForest_multi,292.39975
GR25,WoodlandForest_multi,285.4603125
ES23,WoodlandForest_multi,281.51925
IT92,WoodlandForest_multi,273.77434375
IT13,WoodlandForest_multi,270.287
DE73,WoodlandForest_multi,267.5264375
FR22,WoodlandForest_multi,265.6438125
DE93,WoodlandForest_multi,265.59290625
BG02,WoodlandForest_multi,263.1395625
DE26,WoodlandForest_multi,257.903578125
DE24,WoodlandForest_multi,246.193609375
HU07,WoodlandForest_multi,242.94596875
BG01,WoodlandForest_multi,241.240328125
FR23,WoodlandForest_multi,239.050265625
PL01,WoodlandForest_multi,238.08121875
PT12,WoodlandForest_multi,236.69615625
PL06,WoodlandForest_multi,227.428203125
PL02,WoodlandForest_multi,219.790390625
FR25,WoodlandForest_multi,219.14684375
SK04,WoodlandForest_multi,217.822609375
IT72,WoodlandForest_multi,203.22646875
RO02,WoodlandForest_multi,198.626578125
PL0D,WoodlandForest_multi,195.874859375
DEE3,WoodlandForest_multi,191.819421875
IT53,WoodlandForest_multi,191.26390625
IT60,WoodlandForest_multi,189.037515625
GR11,WoodlandForest_multi,184.926125
AT32,WoodlandForest_multi,184.02065625
HU01,WoodlandForest_multi,182.5373125
PL0A,WoodlandForest_multi,182.446234375
DEB1,WoodlandForest_multi,182.0041875
AT22,WoodlandForest_multi,178.96653125
SK02,WoodlandForest_multi,174.521734375
HU02,WoodlandForest_multi,174.058296875
HU06,WoodlandForest_multi,170.110984375
GR23,WoodlandForest_multi,165.81625
AT12,WoodlandForest_multi,163.197828125
IT33,WoodlandForest_multi,160.788578125
DE21,WoodlandForest_multi,154.317375
HU04,WoodlandForest_multi,147.510640625
FR61,WoodlandForest_multi,146.07490625
BG06,WoodlandForest_multi,140.09746875
EE00,WoodlandForest_multi,139.5646875
DE72,WoodlandForest_multi,135.1068125
DK00,WoodlandForest_multi,134.821453125
AT21,WoodlandForest_multi,130.353890625
BG04,WoodlandForest_multi,129.538140625
DEF0,WoodlandForest_multi,126.454953125
DEA5,WoodlandForest_multi,124.1414296875
DE91,WoodlandForest_multi,119.7726875
DE25,WoodlandForest_multi,119.326078125
DEB3,WoodlandForest_multi,118.459578125
DE94,WoodlandForest_multi,118.3991171875
ES12,WoodlandForest_multi,116.092953125
CZ05,WoodlandForest_multi,114.2795859375
DED1,WoodlandForest_multi,110.165359375
DE71,WoodlandForest_multi,108.19940625
SE09,WoodlandForest_multi,106.6435703125
PL0E,WoodlandForest_multi,103.6252265625
FR63,WoodlandForest_multi,101.89375
PL0G,WoodlandForest_multi,98.9217578125
ES22,WoodlandForest_multi,94.78809375
SE02,WoodlandForest_multi,90.963390625
PT15,WoodlandForest_multi,90.5676875
CZ06,WoodlandForest_multi,89.251484375
DE14,WoodlandForest_multi,86.2055390625
IT93,WoodlandForest_multi,84.398828125
DEA3,WoodlandForest_multi,79.5565390625
SE0A,WoodlandForest_multi,78.0915078125
CZ07,WoodlandForest_multi,77.22821875
DE13,WoodlandForest_multi,74.780765625
CZ02,WoodlandForest_multi,74.4647578125
DE92,WoodlandForest_multi,73.9571875
SE04,WoodlandForest_multi,73.7005234375
DEA2,WoodlandForest_multi,72.85475
HU03,WoodlandForest_multi,72.2704375
CZ03,WoodlandForest_multi,71.049640625
PT11,WoodlandForest_multi,67.347703125
FR30,WoodlandForest_multi,67.2801796875
CZ04,WoodlandForest_multi,67.234515625
ES53,WoodlandForest_multi,67.1616328125
IT52,WoodlandForest_multi,65.71290625
GR43,WoodlandForest_multi,65.6114296875
PL08,WoodlandForest_multi,65.51515234375
DEE1,WoodlandForest_multi,62.0443046875
DEE2,WoodlandForest_multi,59.5437734375
BE35,WoodlandForest_multi,59.3140234375
DEA4,WoodlandForest_multi,57.347734375
DEB2,WoodlandForest_multi,56.522078125
PL0C,WoodlandForest_multi,54.74421875
FR42,WoodlandForest_multi,53.99459375
ES13,WoodlandForest_multi,53.02518359375
DED3,WoodlandForest_multi,52.92362109375
BE33,WoodlandForest_multi,52.175421875
DED2,WoodlandForest_multi,52.06209765625
DEC0,WoodlandForest_multi,51.25926953125
BE34,WoodlandForest_multi,48.11525
IT12,WoodlandForest_multi,47.01275390625
NL22,WoodlandForest_multi,45.76812109375
DEA1,WoodlandForest_multi,44.08754296875
IE02,WoodlandForest_multi,36.77966796875
CY00,WoodlandForest_multi,35.6400625
LU00,WoodlandForest_multi,28.516216796875
GR41,WoodlandForest_multi,28.101853515625
IE01,WoodlandForest_multi,27.125455078125
BG03,WoodlandForest_multi,26.342521484375
NL33,WoodlandForest_multi,26.0194296875
ES21,WoodlandForest_multi,25.2813046875
GR30,WoodlandForest_multi,24.31128125
PL04,WoodlandForest_multi,24.025712890625
NL41,WoodlandForest_multi,23.786259765625
PL0B,WoodlandForest_multi,23.756537109375
AT31,WoodlandForest_multi,22.862193359375
DE22,WoodlandForest_multi,20.110939453125
CZ08,WoodlandForest_multi,19.594109375
BE32,WoodlandForest_multi,17.029544921875
SE01,WoodlandForest_multi,16.1430634765625
GR42,WoodlandForest_multi,16.1262373046875
RO08,WoodlandForest_multi,15.1711748046875
NL42,WoodlandForest_multi,15.157564453125
GR22,WoodlandForest_multi,14.868060546875
NL32,WoodlandForest_multi,14.86691015625
DE12,WoodlandForest_multi,14.78745703125
PT13,WoodlandForest_multi,13.33747265625
DE11,WoodlandForest_multi,11.7179404296875
DE30,WoodlandForest_multi,11.521291015625
AT11,WoodlandForest_multi,8.585126953125
SK01,WoodlandForest_multi,7.728546875
NL13,WoodlandForest_multi,7.3630625
NL31,WoodlandForest_multi,7.33808349609375
FI16,WoodlandForest_multi,7.2997236328125
CZ01,WoodlandForest_multi,6.45892138671875
DE50,WoodlandForest_multi,5.6594013671875
NL11,WoodlandForest_multi,5.543767578125
DE60,WoodlandForest_multi,2.81641943359375
BE22,WoodlandForest_multi,1.9634334716796875
NL34,WoodlandForest_multi,1.411236083984375
AT34,WoodlandForest_multi,1.214416748046875
BE25,WoodlandForest_multi,1.13707958984375
NL21,WoodlandForest_multi,0.9662024536132813
AT13,WoodlandForest_multi,0.7437872924804687
BE21,WoodlandForest_multi,0.7204628295898438
DE27,WoodlandForest_multi,0.4759552612304688
BE24,WoodlandForest_multi,0.437753662109375
BE31,WoodlandForest_multi,0.3422262878417969
BE23,WoodlandForest_multi,0.11483915710449219
NL12,WoodlandForest_multi,0.0799987335205078
FI20,WoodlandForest_multi,0.00806218433380127
BE10,WoodlandForest_multi,6.35287404060364e-4
ES63,WoodlandForest_multi,0
MT00,WoodlandForest_multi,0
NL23,WoodlandForest_multi,0
