NUTS_ID,name,value
SE08,WoodlandForest_primary,894.4816875
BG04,WoodlandForest_primary,672.716
PT11,WoodlandForest_primary,552.9338125
BG05,WoodlandForest_primary,333.7355
AT21,WoodlandForest_primary,249.470359375
RO02,WoodlandForest_primary,246.03153125
RO01,WoodlandForest_primary,212.565875
PT12,WoodlandForest_primary,212.3090625
PT14,WoodlandForest_primary,206.602328125
RO07,WoodlandForest_primary,195.636140625
FR21,WoodlandForest_primary,184.4436875
GR11,WoodlandForest_primary,169.58590625
PL07,WoodlandForest_primary,157.92453125
IT33,WoodlandForest_primary,147.8720625
RO06,WoodlandForest_primary,143.0863125
PL02,WoodlandForest_primary,117.544796875
DE22,WoodlandForest_primary,116.436578125
SK04,WoodlandForest_primary,110.07246875
RO04,WoodlandForest_primary,108.071265625
FI15,WoodlandForest_primary,106.8266875
FR62,WoodlandForest_primary,99.8537734375
ES11,WoodlandForest_primary,93.373875
HR,WoodlandForest_primary,86.7768671875
FR81,WoodlandForest_primary,86.2244296875
PL0F,WoodlandForest_primary,85.7744609375
RO03,WoodlandForest_primary,83.4944375
FR82,WoodlandForest_primary,81.4358125
LT00,WoodlandForest_primary,76.445125
DE40,WoodlandForest_primary,74.3365234375
SE02,WoodlandForest_primary,69.742984375
BG02,WoodlandForest_primary,69.42715625
BG03,WoodlandForest_primary,66.869875
FR26,WoodlandForest_primary,64.5008046875
AT33,WoodlandForest_primary,64.21324609375
DE12,WoodlandForest_primary,62.214015625
FR71,WoodlandForest_primary,58.82325
SE06,WoodlandForest_primary,58.81993359375
IE01,WoodlandForest_primary,54.87334765625
SE07,WoodlandForest_primary,53.85856640625
ES43,WoodlandForest_primary,50.354421875
CY00,WoodlandForest_primary,48.94019921875
FR24,WoodlandForest_primary,48.665
DEE3,WoodlandForest_primary,47.81515625
SE01,WoodlandForest_primary,44.81734375
CZ03,WoodlandForest_primary,44.55008984375
PT15,WoodlandForest_primary,44.1897109375
PL05,WoodlandForest_primary,42.90157421875
LV00,WoodlandForest_primary,40.037875
ES24,WoodlandForest_primary,37.0938203125
IE02,WoodlandForest_primary,34.15942578125
DE80,WoodlandForest_primary,33.69250390625
DEC0,WoodlandForest_primary,33.44006640625
ES41,WoodlandForest_primary,32.620099609375
PL04,WoodlandForest_primary,30.174740234375
IT32,WoodlandForest_primary,28.53524609375
BG01,WoodlandForest_primary,25.0098828125
PL0B,WoodlandForest_primary,24.36078515625
DEA2,WoodlandForest_primary,22.149080078125
DEB1,WoodlandForest_primary,21.575490234375
AT11,WoodlandForest_primary,21.163603515625
AT31,WoodlandForest_primary,20.371328125
GR12,WoodlandForest_primary,20.284056640625
PL09,WoodlandForest_primary,20.24753125
DE13,WoodlandForest_primary,19.00755859375
FR41,WoodlandForest_primary,18.37196875
DEB3,WoodlandForest_primary,18.188564453125
NL42,WoodlandForest_primary,17.99221875
FR53,WoodlandForest_primary,16.45007421875
DE94,WoodlandForest_primary,13.3674833984375
PT13,WoodlandForest_primary,13.2173955078125
HU03,WoodlandForest_primary,12.3473037109375
DEG0,WoodlandForest_primary,12.112544921875
NL12,WoodlandForest_primary,10.7473564453125
IT12,WoodlandForest_primary,9.80480078125
ES61,WoodlandForest_primary,9.5477275390625
DEE2,WoodlandForest_primary,9.0183935546875
BG06,WoodlandForest_primary,5.60197412109375
RO08,WoodlandForest_primary,5.2498740234375
IT20,WoodlandForest_primary,4.59012744140625
NL33,WoodlandForest_primary,4.52627880859375
BE33,WoodlandForest_primary,4.319556640625
NL41,WoodlandForest_primary,4.04207568359375
ES51,WoodlandForest_primary,3.3579755859375
DEB2,WoodlandForest_primary,3.03387841796875
IT40,WoodlandForest_primary,2.93487255859375
BE22,WoodlandForest_primary,2.521615478515625
AT32,WoodlandForest_primary,2.0471029052734373
NL23,WoodlandForest_primary,2.0230203857421873
IT11,WoodlandForest_primary,1.7301348876953124
NL11,WoodlandForest_primary,1.6538209228515626
PL03,WoodlandForest_primary,1.4508917236328125
AT12,WoodlandForest_primary,1.4070941162109376
NL13,WoodlandForest_primary,1.2500699462890625
NL32,WoodlandForest_primary,1.1957532958984376
EE00,WoodlandForest_primary,1.151130126953125
DK00,WoodlandForest_primary,1.0052908935546876
NL31,WoodlandForest_primary,0.9398372802734375
NL21,WoodlandForest_primary,0.9384234619140625
FR51,WoodlandForest_primary,0.7399249877929688
SE04,WoodlandForest_primary,0.6718970336914063
FR43,WoodlandForest_primary,0.625540283203125
DE91,WoodlandForest_primary,0.4388758850097656
IT31,WoodlandForest_primary,0.24752142333984375
NL22,WoodlandForest_primary,0.1707740478515625
SI00,WoodlandForest_primary,0.1526051025390625
FR42,WoodlandForest_primary,0.11442374420166015
AT22,WoodlandForest_primary,0.09986436462402344
DEA1,WoodlandForest_primary,0.08352893829345703
AT13,WoodlandForest_primary,0
AT34,WoodlandForest_primary,0
BE10,WoodlandForest_primary,0
BE21,WoodlandForest_primary,0
BE23,WoodlandForest_primary,0
BE24,WoodlandForest_primary,0
BE25,WoodlandForest_primary,0
BE31,WoodlandForest_primary,0
BE32,WoodlandForest_primary,0
BE34,WoodlandForest_primary,0
BE35,WoodlandForest_primary,0
CZ01,WoodlandForest_primary,0
CZ02,WoodlandForest_primary,0
CZ04,WoodlandForest_primary,0
CZ05,WoodlandForest_primary,0
CZ06,WoodlandForest_primary,0
CZ07,WoodlandForest_primary,0
CZ08,WoodlandForest_primary,0
DE11,WoodlandForest_primary,0
DE14,WoodlandForest_primary,0
DE21,WoodlandForest_primary,0
DE23,WoodlandForest_primary,0
DE24,WoodlandForest_primary,0
DE25,WoodlandForest_primary,0
DE26,WoodlandForest_primary,0
DE27,WoodlandForest_primary,0
DE30,WoodlandForest_primary,0
DE50,WoodlandForest_primary,0
DE60,WoodlandForest_primary,0
DE71,WoodlandForest_primary,0
DE72,WoodlandForest_primary,0
DE73,WoodlandForest_primary,0
DE92,WoodlandForest_primary,0
DE93,WoodlandForest_primary,0
DEA3,WoodlandForest_primary,0
DEA4,WoodlandForest_primary,0
DEA5,WoodlandForest_primary,0
DED1,WoodlandForest_primary,0
DED2,WoodlandForest_primary,0
DED3,WoodlandForest_primary,0
DEE1,WoodlandForest_primary,0
DEF0,WoodlandForest_primary,0
ES12,WoodlandForest_primary,0
ES13,WoodlandForest_primary,0
ES21,WoodlandForest_primary,0
ES22,WoodlandForest_primary,0
ES23,WoodlandForest_primary,0
ES30,WoodlandForest_primary,0
ES42,WoodlandForest_primary,0
ES52,WoodlandForest_primary,0
ES53,WoodlandForest_primary,0
ES62,WoodlandForest_primary,0
ES63,WoodlandForest_primary,0
FI13,WoodlandForest_primary,0
FI14,WoodlandForest_primary,0
FI16,WoodlandForest_primary,0
FI17,WoodlandForest_primary,0
FI20,WoodlandForest_primary,0
FR10,WoodlandForest_primary,0
FR22,WoodlandForest_primary,0
FR23,WoodlandForest_primary,0
FR25,WoodlandForest_primary,0
FR30,WoodlandForest_primary,0
FR52,WoodlandForest_primary,0
FR61,WoodlandForest_primary,0
FR63,WoodlandForest_primary,0
FR72,WoodlandForest_primary,0
FR83,WoodlandForest_primary,0
GR13,WoodlandForest_primary,0
GR14,WoodlandForest_primary,0
GR21,WoodlandForest_primary,0
GR22,WoodlandForest_primary,0
GR23,WoodlandForest_primary,0
GR24,WoodlandForest_primary,0
GR25,WoodlandForest_primary,0
GR30,WoodlandForest_primary,0
GR41,WoodlandForest_primary,0
GR42,WoodlandForest_primary,0
GR43,WoodlandForest_primary,0
HU01,WoodlandForest_primary,0
HU02,WoodlandForest_primary,0
HU04,WoodlandForest_primary,0
HU05,WoodlandForest_primary,0
HU06,WoodlandForest_primary,0
HU07,WoodlandForest_primary,0
IT13,WoodlandForest_primary,0
IT51,WoodlandForest_primary,0
IT52,WoodlandForest_primary,0
IT53,WoodlandForest_primary,0
IT60,WoodlandForest_primary,0
IT71,WoodlandForest_primary,0
IT72,WoodlandForest_primary,0
IT80,WoodlandForest_primary,0
IT91,WoodlandForest_primary,0
IT92,WoodlandForest_primary,0
IT93,WoodlandForest_primary,0
ITA0,WoodlandForest_primary,0
ITB0,WoodlandForest_primary,0
LU00,WoodlandForest_primary,0
MT00,WoodlandForest_primary,0
NL34,WoodlandForest_primary,0
PL01,WoodlandForest_primary,0
PL06,WoodlandForest_primary,0
PL08,WoodlandForest_primary,0
PL0A,WoodlandForest_primary,0
PL0C,WoodlandForest_primary,0
PL0D,WoodlandForest_primary,0
PL0E,WoodlandForest_primary,0
PL0G,WoodlandForest_primary,0
RO05,WoodlandForest_primary,0
SE09,WoodlandForest_primary,0
SE0A,WoodlandForest_primary,0
SK01,WoodlandForest_primary,0
SK02,WoodlandForest_primary,0
SK03,WoodlandForest_primary,0
