NUTS_ID,name,value
ES41,WoodlandForest_multi,3278.3921947695417
SE07,WoodlandForest_multi,2803.3345
ES42,WoodlandForest_multi,2759.06625
ES61,WoodlandForest_multi,2445.80875
SE08,WoodlandForest_multi,2207.3115
ES24,WoodlandForest_multi,1700.134125
FI15,WoodlandForest_multi,1536.421
ES43,WoodlandForest_multi,1054.312625
LV00,WoodlandForest_multi,1053.77225
ES11,WoodlandForest_multi,1043.26075
FR82,WoodlandForest_multi,1009.2044375
SE06,WoodlandForest_multi,971.0541875
SI00,WoodlandForest_multi,855.2904375
ES52,WoodlandForest_multi,787.8663125
RO06,WoodlandForest_multi,779.46925
RO01,WoodlandForest_multi,728.8725
FR71,WoodlandForest_multi,720.3733125
FR24,WoodlandForest_multi,710.6823125
FR62,WoodlandForest_multi,662.592125
LT00,WoodlandForest_multi,633.5641875
ES51,WoodlandForest_multi,622.388375
FR26,WoodlandForest_multi,602.09225
RO07,WoodlandForest_multi,592.385875
RO05,WoodlandForest_multi,580.7109375
HR,WoodlandForest_multi,580.657375
IT31,WoodlandForest_multi,550.4534375
IT11,WoodlandForest_multi,492.77825
BG05,WoodlandForest_multi,491.1375625
FR72,WoodlandForest_multi,487.01553125
ITB0,WoodlandForest_multi,457.91965625
PL07,WoodlandForest_multi,446.6244375
RO03,WoodlandForest_multi,444.57078125
FR21,WoodlandForest_multi,434.51125
PL03,WoodlandForest_multi,433.91584375
RO04,WoodlandForest_multi,430.83209375
FR51,WoodlandForest_multi,412.5265625
FR81,WoodlandForest_multi,396.884375
FI13,WoodlandForest_multi,386.469875
AT33,WoodlandForest_multi,346.73171875
SK03,WoodlandForest_multi,336.839
FR83,WoodlandForest_multi,333.231875
GR13,WoodlandForest_multi,313.2258125
FR53,WoodlandForest_multi,311.47890625
BG02,WoodlandForest_multi,270.613875
ES23,WoodlandForest_multi,263.27934300170404
IT71,WoodlandForest_multi,261.58775
ES62,WoodlandForest_multi,261.27359375
GR12,WoodlandForest_multi,258.92890625
PL0F,WoodlandForest_multi,257.1788125
GR25,WoodlandForest_multi,252.483109375
HU07,WoodlandForest_multi,247.677875
GR24,WoodlandForest_multi,245.467421875
IT32,WoodlandForest_multi,244.195421875
GR21,WoodlandForest_multi,241.329140625
GR14,WoodlandForest_multi,238.4015
PL09,WoodlandForest_multi,228.2545625
IT92,WoodlandForest_multi,225.56859375
IT20,WoodlandForest_multi,218.066
HU05,WoodlandForest_multi,210.793484375
FR41,WoodlandForest_multi,206.42103125
IT13,WoodlandForest_multi,205.3774375
PT12,WoodlandForest_multi,201.154109375
FR52,WoodlandForest_multi,186.838546875
PL0A,WoodlandForest_multi,183.6675
PL05,WoodlandForest_multi,178.670203125
HU02,WoodlandForest_multi,177.776609375
BG01,WoodlandForest_multi,175.669984375
FR43,WoodlandForest_multi,166.30975
GR23,WoodlandForest_multi,166.226171875
IT72,WoodlandForest_multi,165.14321875
IT53,WoodlandForest_multi,162.923078125
AT12,WoodlandForest_multi,152.715578125
IT33,WoodlandForest_multi,147.95025
HU06,WoodlandForest_multi,145.3947740708352
FR25,WoodlandForest_multi,142.343984375
PL02,WoodlandForest_multi,142.2155
BG06,WoodlandForest_multi,141.09753125
HU01,WoodlandForest_multi,138.31142033360325
ITA0,WoodlandForest_multi,139.35503125
PL01,WoodlandForest_multi,136.639109375
AT22,WoodlandForest_multi,136.06625
HU04,WoodlandForest_multi,132.32954605867815
BG04,WoodlandForest_multi,129.8002890625
DK00,WoodlandForest_multi,123.7941328125
AT32,WoodlandForest_multi,123.42925
FR63,WoodlandForest_multi,118.684765625
IT91,WoodlandForest_multi,117.938640625
SK02,WoodlandForest_multi,117.776578125
ES30,WoodlandForest_multi,117.442609375
PL06,WoodlandForest_multi,112.1979765625
IT60,WoodlandForest_multi,111.54475
FR61,WoodlandForest_multi,108.3703515625
ES12,WoodlandForest_multi,106.8813046875
SE09,WoodlandForest_multi,104.0568125
PL0E,WoodlandForest_multi,103.4500078125
IT51,WoodlandForest_multi,103.1042265625
RO02,WoodlandForest_multi,98.7927890625
AT21,WoodlandForest_multi,98.3587421875
PL0D,WoodlandForest_multi,92.8183603145727
GR11,WoodlandForest_multi,94.805109375
IT40,WoodlandForest_multi,93.0966875
SE02,WoodlandForest_multi,90.963390625
SE0A,WoodlandForest_multi,78.0921640625
HU03,WoodlandForest_multi,66.09960589005216
IT93,WoodlandForest_multi,71.8827265625
DE73,WoodlandForest_multi,68.20940400190476
ES22,WoodlandForest_multi,58.950056484027556
SK04,WoodlandForest_multi,67.8676875
FI17,WoodlandForest_multi,67.741046875
PT11,WoodlandForest_multi,67.347703125
DEG0,WoodlandForest_multi,66.65515625
IT52,WoodlandForest_multi,64.20805423321792
FR10,WoodlandForest_multi,63.56580078125
CZ04,WoodlandForest_multi,62.6207421875
SE04,WoodlandForest_multi,62.06429296875
CZ03,WoodlandForest_multi,59.54737109375
BE35,WoodlandForest_multi,59.3536875
EE00,WoodlandForest_multi,59.3412421875
CZ05,WoodlandForest_multi,58.8793984375
FR22,WoodlandForest_multi,57.58691015625
CZ06,WoodlandForest_multi,52.885572115350165
ES13,WoodlandForest_multi,53.02518359375
BE33,WoodlandForest_multi,51.5579375
DE13,WoodlandForest_multi,50.92858984375
PL08,WoodlandForest_multi,47.65523828125
IT12,WoodlandForest_multi,47.04252734375
GR43,WoodlandForest_multi,44.18864453125
CZ02,WoodlandForest_multi,44.10291796875
CZ07,WoodlandForest_multi,39.197063635406714
PL0G,WoodlandForest_multi,41.419265625
PT14,WoodlandForest_multi,40.641921875
BE34,WoodlandForest_multi,39.21716796875
DEB1,WoodlandForest_multi,38.88214453125
CY00,WoodlandForest_multi,35.79094921875
DE72,WoodlandForest_multi,34.0788984375
DED2,WoodlandForest_multi,32.87395703125
DE71,WoodlandForest_multi,29.999751953125
DE40,WoodlandForest_multi,29.609203125
IT80,WoodlandForest_multi,28.2968203125
PT15,WoodlandForest_multi,28.10970703125
FR42,WoodlandForest_multi,26.858083984375
BG03,WoodlandForest_multi,26.48826953125
DEB3,WoodlandForest_multi,25.294587890625
ES21,WoodlandForest_multi,25.2813046875
GR41,WoodlandForest_multi,24.07252734375
PL0B,WoodlandForest_multi,23.767859375
PL0C,WoodlandForest_multi,23.327966796875
CZ08,WoodlandForest_multi,23.28197265625
IE01,WoodlandForest_multi,22.60872265625
NL22,WoodlandForest_multi,22.6038046875
FI14,WoodlandForest_multi,22.54185546875
IE02,WoodlandForest_multi,22.076189453125
DE91,WoodlandForest_multi,22.007505859375
ES53,WoodlandForest_multi,21.3010703125
GR30,WoodlandForest_multi,17.552921875
DEE3,WoodlandForest_multi,17.2672109375
RO08,WoodlandForest_multi,16.5948125
NL23,WoodlandForest_multi,12.302334567552123
GR42,WoodlandForest_multi,16.1249326171875
DE24,WoodlandForest_multi,14.94657421875
BE32,WoodlandForest_multi,13.039939465454712
GR22,WoodlandForest_multi,13.7786884765625
AT31,WoodlandForest_multi,13.2074384765625
DE21,WoodlandForest_multi,13.200068359375
DE12,WoodlandForest_multi,13.0126484375
DEA2,WoodlandForest_multi,12.1669521484375
DE80,WoodlandForest_multi,12.050888671875
DE26,WoodlandForest_multi,11.8286552734375
FR23,WoodlandForest_multi,11.744642578125
SE01,WoodlandForest_multi,9.841859375
LU00,WoodlandForest_multi,8.214787109375
DEB2,WoodlandForest_multi,7.66672998046875
DE11,WoodlandForest_multi,1.106453988317341
FI16,WoodlandForest_multi,7.08505126953125
AT11,WoodlandForest_multi,6.99792822265625
DE25,WoodlandForest_multi,6.8637587890625
DE23,WoodlandForest_multi,6.39421337890625
DEA5,WoodlandForest_multi,5.71871923828125
DEC0,WoodlandForest_multi,5.6565029296875
DEE2,WoodlandForest_multi,5.54876318359375
DE92,WoodlandForest_multi,5.33559228515625
DE93,WoodlandForest_multi,4.9410361328125
PT13,WoodlandForest_multi,4.4652109375
DED1,WoodlandForest_multi,3.854646240234375
DEE1,WoodlandForest_multi,3.6781435546875
DEA1,WoodlandForest_multi,2.73444580078125
DE22,WoodlandForest_multi,2.7014951171875
NL21,WoodlandForest_multi,1.935651611328125
DE14,WoodlandForest_multi,1.76976806640625
BE22,WoodlandForest_multi,1.7297130126953124
DEF0,WoodlandForest_multi,1.629143798828125
DEA4,WoodlandForest_multi,1.3589462890625
AT34,WoodlandForest_multi,1.214416748046875
DED3,WoodlandForest_multi,1.0120467529296877
AT13,WoodlandForest_multi,0.4480991746199712
BE21,WoodlandForest_multi,0.7204628295898438
FR30,WoodlandForest_multi,0.6106054077148437
DE30,WoodlandForest_multi,0.29402814312729375
SK01,WoodlandForest_multi,0.5603837890625
DE27,WoodlandForest_multi,0.4759552612304688
BE24,WoodlandForest_multi,0.437753662109375
NL33,WoodlandForest_multi,0.3662022399902344
BE31,WoodlandForest_multi,0
CZ01,WoodlandForest_multi,0.14243350729658605
PL04,WoodlandForest_multi,0.22790252685546877
NL41,WoodlandForest_multi,0.1791381988525391
NL42,WoodlandForest_multi,0.16043617248535155
BE23,WoodlandForest_multi,0.1148391571044922
DE60,WoodlandForest_multi,0
NL34,WoodlandForest_multi,0
FI20,WoodlandForest_multi,0
DEA3,WoodlandForest_multi,0
DE94,WoodlandForest_multi,0
NL32,WoodlandForest_multi,0
NL12,WoodlandForest_multi,0
BE10,WoodlandForest_multi,0
BE25,WoodlandForest_multi,0
DE50,WoodlandForest_multi,0
ES63,WoodlandForest_multi,0
MT00,WoodlandForest_multi,0
NL11,WoodlandForest_multi,0
NL13,WoodlandForest_multi,0
NL31,WoodlandForest_multi,0
