NUTS_ID,name,value
AT11,LightCropland,7.902794176375867
AT12,LightCropland,42.910786182240635
AT13,LightCropland,0.09849999999999999
AT21,LightCropland,19.04678593052892
AT31,LightCropland,25.299448852638868
BE10,LightCropland,0.0019333333333333331
BE21,LightCropland,1.5988666666666667
BE22,LightCropland,5.4037
BE23,LightCropland,5.479266666666667
BE24,LightCropland,2.4332333333333334
BE25,LightCropland,6.569500000000001
BE31,LightCropland,0.5294
BE32,LightCropland,0.5708666666666666
BE33,LightCropland,1.6713333333333333
BE34,LightCropland,0.8363
BE35,LightCropland,5.426833333333334
BG01,LightCropland,20.955366666666666
BG02,LightCropland,54.03738928898653
BG03,LightCropland,484.43405695285935
BG04,LightCropland,7.528066666666667
BG05,LightCropland,315.79263364656464
BG06,LightCropland,4.309733333333333
CZ01,LightCropland,0.3672333333333333
CZ02,LightCropland,115.22202692430601
CZ03,LightCropland,604.7161779563567
CZ04,LightCropland,15.908004348215334
CZ05,LightCropland,19.515133333333335
CZ06,LightCropland,116.99934761089234
CZ07,LightCropland,4.482833333333333
CZ08,LightCropland,6.301466666666666
DE11,LightCropland,12.401033333333332
DE12,LightCropland,29.546142053358967
DE13,LightCropland,7.633066666666667
DE14,LightCropland,5.249766666666667
DE21,LightCropland,22.74608189897337
DE22,LightCropland,283.44720899889666
DE23,LightCropland,44.383708191721965
DE24,LightCropland,3.2451333333333334
DE25,LightCropland,7.2674708014185
DE26,LightCropland,16.447666666666667
DE27,LightCropland,23.614238358400698
DE30,LightCropland,0.07133333333333333
DE40,LightCropland,18.293966666666666
DE50,LightCropland,0.08326666666666667
DE60,LightCropland,0.4575
DE71,LightCropland,5.579
DE72,LightCropland,1.4190458333333333
DE73,LightCropland,3.0356
DE80,LightCropland,19.62582960489947
DE91,LightCropland,13.451066666666668
DE92,LightCropland,8.415333333333333
DE94,LightCropland,20.462266666666668
DEA1,LightCropland,4.733733333333333
DEA2,LightCropland,0.9737333333333332
DEA3,LightCropland,39.66643333333334
DEA4,LightCropland,7.407066666666666
DEA5,LightCropland,1.0990333333333333
DEB1,LightCropland,2.0226333333333333
DEB2,LightCropland,13.714313694259733
DEB3,LightCropland,16.1628
DEC0,LightCropland,0.25232735502529197
DED1,LightCropland,49.795325176286674
DED2,LightCropland,40.48155244912066
DED3,LightCropland,11.423676173175133
DEE1,LightCropland,7.341233333333334
DEE2,LightCropland,0.8664999999999999
DEE3,LightCropland,26.802766666666667
DEF0,LightCropland,76.43043189802181
DEG0,LightCropland,28.40899240008003
DK00,LightCropland,29.5441
EE00,LightCropland,13.013850676666666
ES12,LightCropland,22.32213333333333
ES21,LightCropland,7.7430548
ES22,LightCropland,4.260433333333333
ES23,LightCropland,112.310433950912
ES24,LightCropland,56.75223333333333
ES41,LightCropland,229.77750000000034
ES42,LightCropland,1714.1449208574131
ES43,LightCropland,71.54056666666666
ES51,LightCropland,142.70772491619874
ES52,LightCropland,107.50506562544118
ES53,LightCropland,100.2246541944818
ES61,LightCropland,519.3558096745594
ES62,LightCropland,59.84856188465992
FI13,LightCropland,0.9124
FI14,LightCropland,1.8141666666666667
FI15,LightCropland,4.4037999999999995
FI16,LightCropland,0.040633333333333334
FI17,LightCropland,721.3200294480813
FI20,LightCropland,0.0467
FR10,LightCropland,6.366099999999999
FR21,LightCropland,76.77506666666666
FR22,LightCropland,5.956863333333334
FR23,LightCropland,0.4747666666666666
FR24,LightCropland,25.727
FR25,LightCropland,2.5653333333333332
FR26,LightCropland,14.1501
FR30,LightCropland,2.824033333333333
FR41,LightCropland,22.483733333333333
FR42,LightCropland,17.276266666666668
FR43,LightCropland,4.4627
FR51,LightCropland,280.0185392473094
FR52,LightCropland,35.0711
FR53,LightCropland,157.9735036917324
FR61,LightCropland,68.13170000000001
FR62,LightCropland,111.54377136000001
FR63,LightCropland,5.800533333333333
FR71,LightCropland,24.6263
FR72,LightCropland,8.121833333333333
FR81,LightCropland,93.01028726132867
FR82,LightCropland,356.02478297404195
FR83,LightCropland,22.416092501260934
GR11,LightCropland,61.8208785836351
GR12,LightCropland,38.34043333333333
GR13,LightCropland,129.58842997979033
GR14,LightCropland,43.24333333333333
GR21,LightCropland,16.434
GR22,LightCropland,31.560538997272403
GR23,LightCropland,128.16020789501732
GR24,LightCropland,29.906633333333332
GR25,LightCropland,46.93738296628654
GR30,LightCropland,7.021666666666667
GR41,LightCropland,14.322966666666666
GR42,LightCropland,8.9606
GR43,LightCropland,44.911656666666666
HU01,LightCropland,19.927866666666667
HU02,LightCropland,15.135119166666666
HU03,LightCropland,17.412333333333333
HU04,LightCropland,76.13505782855962
HU05,LightCropland,24.884624922767102
HU06,LightCropland,76.80933333333333
HU07,LightCropland,24.159899999999997
IE01,LightCropland,6.489866666666667
IE02,LightCropland,1.9369666666666667
IT11,LightCropland,47.035272375548544
IT20,LightCropland,19.827991050419524
IT32,LightCropland,252.91149701294
IT33,LightCropland,33.01566388749043
IT40,LightCropland,47.76916666666667
IT51,LightCropland,24.3496
IT52,LightCropland,57.84078852362033
IT53,LightCropland,182.43514212519366
IT60,LightCropland,105.36466666666666
IT71,LightCropland,39.95976666666667
IT72,LightCropland,35.99453333333333
IT80,LightCropland,165.8426216374269
IT91,LightCropland,108.0621
IT92,LightCropland,61.26703333333333
IT93,LightCropland,68.8961
ITA0,LightCropland,239.1675666826759
ITB0,LightCropland,110.6483
LT00,LightCropland,222.72532158548634
LU00,LightCropland,19.8692
LV00,LightCropland,37.81106666666667
NL11,LightCropland,4.043666666666667
NL13,LightCropland,8.784333333333334
NL22,LightCropland,7.4456
NL23,LightCropland,0.40786666666666666
NL31,LightCropland,0.4239
NL32,LightCropland,3.1012
NL33,LightCropland,0.6813333333333333
NL34,LightCropland,0.619
NL41,LightCropland,19.939600000000002
NL42,LightCropland,2.8134
PL01,LightCropland,2.4238
PL02,LightCropland,148.05203333333333
PL03,LightCropland,21.725399999999997
PL04,LightCropland,1.8242333333333332
PL05,LightCropland,7.598866666666667
PL06,LightCropland,5.127709005853533
PL07,LightCropland,688.9642327442754
PL08,LightCropland,1.0780333333333334
PL09,LightCropland,12.950040634496835
PL0A,LightCropland,26.069526837844567
PL0B,LightCropland,5.3701333333333325
PL0C,LightCropland,152.12659525253534
PL0D,LightCropland,4.2922
PL0E,LightCropland,12.630118747554967
PL0G,LightCropland,7.9621666666666675
PT11,LightCropland,46.2563
PT12,LightCropland,157.29789017715677
PT13,LightCropland,61.87347546666667
PT14,LightCropland,94.30603333333333
PT15,LightCropland,31.626738312737167
RO01,LightCropland,22.7467
RO02,LightCropland,29.731866666666665
RO03,LightCropland,24.782833333333333
RO04,LightCropland,33.90695130738649
RO05,LightCropland,70.64384405062783
RO06,LightCropland,70.84893333333333
RO07,LightCropland,46.98351674512333
SE01,LightCropland,2.0584333333333333
SE04,LightCropland,217.09999193394535
SE09,LightCropland,4.725
SE0A,LightCropland,84.16928891195413
SI00,LightCropland,10.541048668698
SK01,LightCropland,0.6144666666666666
SK02,LightCropland,3.8219333333333334
SK03,LightCropland,20.326233333333334
SK04,LightCropland,14.916200000000002
AT22,LightCropland,189.39286795791932
ES11,LightCropland,203.81624021704533
SE02,LightCropland,782.069016830694
SE06,LightCropland,15.220927836666666
SE08,LightCropland,39.1136183195339
SE07,LightCropland,0.3308666666666667
AT32,LightCropland,0.9800666666666666
AT33,LightCropland,1.3757333333333335
AT34,LightCropland,0.6407333333333333
DE93,LightCropland,25.373633333333334
ES13,LightCropland,7.6505
ES30,LightCropland,41.5966
ES63,LightCropland,0.0026666666666666666
IT12,LightCropland,2.455766666666667
IT13,LightCropland,11.748333333333333
IT31,LightCropland,14.627366666666667
NL12,LightCropland,0.7484999999999999
NL21,LightCropland,8.4411
PL0F,LightCropland,255.37746666666666
RO08,LightCropland,0.22940000000000002
