NUTS_ID,name,value
IE01,Wetlands_natural_restore,173.613
PL0A,Wetlands_natural_restore,165.952
PL07,Wetlands_natural_restore,127.336
DE94,Wetlands_natural_restore,122.499
IE02,Wetlands_natural_restore,116.452
DE80,Wetlands_natural_restore,110.915
DE93,Wetlands_natural_restore,104.161
DE40,Wetlands_natural_restore,101.079
PL03,Wetlands_natural_restore,96.39
DE80,Wetlands_natural_restore,89.821
PL0F,Wetlands_natural_restore,78.39
DEF0,Wetlands_natural_restore,72.554
DE40,Wetlands_natural_restore,69.344
EE00,Wetlands_natural_restore,61.687
PL0E,Wetlands_natural_restore,59.717
DE94,Wetlands_natural_restore,58.463
LT00,Wetlands_natural_restore,52.778
FI14,Wetlands_natural_restore,51.701
DK00,Wetlands_natural_restore,47.307
PL0G,Wetlands_natural_restore,46.901
NL12,Wetlands_natural_restore,46.025
DE21,Wetlands_natural_restore,45.873
FI15,Wetlands_natural_restore,45.829
DK00,Wetlands_natural_restore,43.528
LV00,Wetlands_natural_restore,42.948
LV00,Wetlands_natural_restore,41.924
NL33,Wetlands_natural_restore,39.317
PL0B,Wetlands_natural_restore,35.852
DE93,Wetlands_natural_restore,34.608
PL02,Wetlands_natural_restore,33.408
PL03,Wetlands_natural_restore,33.382
NL21,Wetlands_natural_restore,32.232
FR22,Wetlands_natural_restore,32.031
PL05,Wetlands_natural_restore,30.381
PL0F,Wetlands_natural_restore,29.67
DEF0,Wetlands_natural_restore,29.37
NL13,Wetlands_natural_restore,29.318
LT00,Wetlands_natural_restore,28.851
EE00,Wetlands_natural_restore,26.384
RO02,Wetlands_natural_restore,24.126
PL04,Wetlands_natural_restore,23.408
PL07,Wetlands_natural_restore,22.906
NL32,Wetlands_natural_restore,22.648
FI13,Wetlands_natural_restore,22.416
PL0A,Wetlands_natural_restore,22.288
NL11,Wetlands_natural_restore,21.892
PL02,Wetlands_natural_restore,21.377
FI17,Wetlands_natural_restore,20.753
GR12,Wetlands_natural_restore,20.441
PL09,Wetlands_natural_restore,20.207
DE92,Wetlands_natural_restore,20.176
NL13,Wetlands_natural_restore,19.897
NL11,Wetlands_natural_restore,19.415
DE92,Wetlands_natural_restore,18.975
DE21,Wetlands_natural_restore,18.852
DE27,Wetlands_natural_restore,18.711
IT40,Wetlands_natural_restore,17.658
PL01,Wetlands_natural_restore,15.611
FR24,Wetlands_natural_restore,14.442
PL06,Wetlands_natural_restore,14.075
NL31,Wetlands_natural_restore,13.917
SE0A,Wetlands_natural_restore,13.849
PL0G,Wetlands_natural_restore,13.701
SE02,Wetlands_natural_restore,13.088
FR30,Wetlands_natural_restore,13.051
FR53,Wetlands_natural_restore,12.706
PL0B,Wetlands_natural_restore,12.343
PL05,Wetlands_natural_restore,12.283
PL0E,Wetlands_natural_restore,11.34
PL0D,Wetlands_natural_restore,11.311
FR21,Wetlands_natural_restore,11.203
PL01,Wetlands_natural_restore,11.155
AT32,Wetlands_natural_restore,10.498
GR24,Wetlands_natural_restore,10.471
DEE3,Wetlands_natural_restore,9.776
PL08,Wetlands_natural_restore,9.476
DE91,Wetlands_natural_restore,9.416
BG01,Wetlands_natural_restore,9.359
PL0C,Wetlands_natural_restore,9.15
DE91,Wetlands_natural_restore,9.11
RO02,Wetlands_natural_restore,8.986
DE27,Wetlands_natural_restore,7.963
FR51,Wetlands_natural_restore,7.751
DEA3,Wetlands_natural_restore,7.238
BG06,Wetlands_natural_restore,7.128
GR11,Wetlands_natural_restore,7.102
NL21,Wetlands_natural_restore,6.905
FR51,Wetlands_natural_restore,6.897
SE04,Wetlands_natural_restore,6.829
SE09,Wetlands_natural_restore,6.808
DEA4,Wetlands_natural_restore,6.567
BG05,Wetlands_natural_restore,6.491
DEE3,Wetlands_natural_restore,6.302
FR41,Wetlands_natural_restore,6.228
PL04,Wetlands_natural_restore,6.21
BE33,Wetlands_natural_restore,6.078
DEA3,Wetlands_natural_restore,5.861
PL08,Wetlands_natural_restore,5.837
FR81,Wetlands_natural_restore,5.159
BG02,Wetlands_natural_restore,5.127
DEA4,Wetlands_natural_restore,4.916
RO06,Wetlands_natural_restore,4.871
BG04,Wetlands_natural_restore,4.833
NL33,Wetlands_natural_restore,4.802
FR25,Wetlands_natural_restore,4.687
PL09,Wetlands_natural_restore,4.676
BG03,Wetlands_natural_restore,4.657
PL06,Wetlands_natural_restore,4.535
SE06,Wetlands_natural_restore,4.457
FR42,Wetlands_natural_restore,4.41
NL32,Wetlands_natural_restore,4.315
FI16,Wetlands_natural_restore,4.304
PT14,Wetlands_natural_restore,4.257
DEE1,Wetlands_natural_restore,4.219
DEE2,Wetlands_natural_restore,4.111
DE14,Wetlands_natural_restore,3.984
SI00,Wetlands_natural_restore,3.961
NL12,Wetlands_natural_restore,3.942
FR22,Wetlands_natural_restore,3.9
SE0A,Wetlands_natural_restore,3.891
IT32,Wetlands_natural_restore,3.862
PL0D,Wetlands_natural_restore,3.851
PL0C,Wetlands_natural_restore,3.849
NL41,Wetlands_natural_restore,3.796
BG04,Wetlands_natural_restore,3.612
DE22,Wetlands_natural_restore,3.61
FR30,Wetlands_natural_restore,3.586
GR23,Wetlands_natural_restore,3.433
FR10,Wetlands_natural_restore,3.242
SE08,Wetlands_natural_restore,3.107
SE02,Wetlands_natural_restore,3.038
BE25,Wetlands_natural_restore,3.029
DE22,Wetlands_natural_restore,3.026
NL22,Wetlands_natural_restore,3.022
AT31,Wetlands_natural_restore,3.01
DEE2,Wetlands_natural_restore,2.929
BG01,Wetlands_natural_restore,2.839
BG06,Wetlands_natural_restore,2.769
BG05,Wetlands_natural_restore,2.753
FR63,Wetlands_natural_restore,2.705
FR41,Wetlands_natural_restore,2.647
DE24,Wetlands_natural_restore,2.582
FR25,Wetlands_natural_restore,2.521
SE09,Wetlands_natural_restore,2.521
IT51,Wetlands_natural_restore,2.459
SI00,Wetlands_natural_restore,2.408
BE33,Wetlands_natural_restore,2.403
GR14,Wetlands_natural_restore,2.379
NL42,Wetlands_natural_restore,2.35
PT14,Wetlands_natural_restore,2.342
AT11,Wetlands_natural_restore,2.322
DEE1,Wetlands_natural_restore,2.309
FI15,Wetlands_natural_restore,2.255
BE34,Wetlands_natural_restore,2.248
DE71,Wetlands_natural_restore,2.221
NL41,Wetlands_natural_restore,2.205
DE23,Wetlands_natural_restore,2.182
RO01,Wetlands_natural_restore,2.181
SE07,Wetlands_natural_restore,2.115
SE06,Wetlands_natural_restore,2.033
GR42,Wetlands_natural_restore,1.933
FR24,Wetlands_natural_restore,1.867
DE14,Wetlands_natural_restore,1.725
GR21,Wetlands_natural_restore,1.607
SE07,Wetlands_natural_restore,1.536
FR53,Wetlands_natural_restore,1.535
FI13,Wetlands_natural_restore,1.515
DE71,Wetlands_natural_restore,1.499
RO06,Wetlands_natural_restore,1.487
DED1,Wetlands_natural_restore,1.481
FR21,Wetlands_natural_restore,1.472
BE34,Wetlands_natural_restore,1.462
DEB3,Wetlands_natural_restore,1.328
BG02,Wetlands_natural_restore,1.292
FR26,Wetlands_natural_restore,1.274
GR30,Wetlands_natural_restore,1.269
AT34,Wetlands_natural_restore,1.247
DED2,Wetlands_natural_restore,1.238
FR26,Wetlands_natural_restore,1.206
FR43,Wetlands_natural_restore,1.123
SE01,Wetlands_natural_restore,1.082
NL31,Wetlands_natural_restore,1.079
DEB3,Wetlands_natural_restore,1.004
NL42,Wetlands_natural_restore,0.986
FI14,Wetlands_natural_restore,0.961
DE12,Wetlands_natural_restore,0.96
FR72,Wetlands_natural_restore,0.951
SE04,Wetlands_natural_restore,0.943
FR71,Wetlands_natural_restore,0.941
PT13,Wetlands_natural_restore,0.929
BE25,Wetlands_natural_restore,0.921
NL23,Wetlands_natural_restore,0.908
DE25,Wetlands_natural_restore,0.903
PT12,Wetlands_natural_restore,0.899
GR13,Wetlands_natural_restore,0.898
FR43,Wetlands_natural_restore,0.868
GR43,Wetlands_natural_restore,0.866
DE23,Wetlands_natural_restore,0.79
GR22,Wetlands_natural_restore,0.738
FR72,Wetlands_natural_restore,0.737
SE08,Wetlands_natural_restore,0.736
FR63,Wetlands_natural_restore,0.721
FR52,Wetlands_natural_restore,0.7
NL22,Wetlands_natural_restore,0.673
BG03,Wetlands_natural_restore,0.666
SK01,Wetlands_natural_restore,0.653
BE23,Wetlands_natural_restore,0.626
DEA1,Wetlands_natural_restore,0.61
GR25,Wetlands_natural_restore,0.596
FR42,Wetlands_natural_restore,0.586
BE32,Wetlands_natural_restore,0.577
DED2,Wetlands_natural_restore,0.528
PT13,Wetlands_natural_restore,0.517
BE35,Wetlands_natural_restore,0.508
DE12,Wetlands_natural_restore,0.501
LU04060,Wetlands_natural_restore,0.497
FR71,Wetlands_natural_restore,0.493
DED3,Wetlands_natural_restore,0.463
DE25,Wetlands_natural_restore,0.462
SK02,Wetlands_natural_restore,0.46
DE13,Wetlands_natural_restore,0.451
LU04061,Wetlands_natural_restore,0.448
DE24,Wetlands_natural_restore,0.432
DE13,Wetlands_natural_restore,0.427
DED1,Wetlands_natural_restore,0.426
DE73,Wetlands_natural_restore,0.414
BE23,Wetlands_natural_restore,0.355
AT33,Wetlands_natural_restore,0.354
FI17,Wetlands_natural_restore,0.335
DEA1,Wetlands_natural_restore,0.303
NL34,Wetlands_natural_restore,0.291
SE01,Wetlands_natural_restore,0.288
DED3,Wetlands_natural_restore,0.283
DEA2,Wetlands_natural_restore,0.28
FI20,Wetlands_natural_restore,0.269
DEA5,Wetlands_natural_restore,0.26
FR23,Wetlands_natural_restore,0.249
LU03880,Wetlands_natural_restore,0.246
SK03,Wetlands_natural_restore,0.242
GR41,Wetlands_natural_restore,0.241
DE26,Wetlands_natural_restore,0.214
LU04059,Wetlands_natural_restore,0.198
FR81,Wetlands_natural_restore,0.183
DEA5,Wetlands_natural_restore,0.172
LU00,Wetlands_natural_restore,0.17
SK04,Wetlands_natural_restore,0.163
PT12,Wetlands_natural_restore,0.161
BE35,Wetlands_natural_restore,0.151
BE21,Wetlands_natural_restore,0.14
FR52,Wetlands_natural_restore,0.115
LU00,Wetlands_natural_restore,0.114
BE32,Wetlands_natural_restore,0.11
BE21,Wetlands_natural_restore,0.102
SK04,Wetlands_natural_restore,0.1
SK01,Wetlands_natural_restore,0.098
LU04058,Wetlands_natural_restore,0.094
FR10,Wetlands_natural_restore,0.093
FR23,Wetlands_natural_restore,0.088
LU04240,Wetlands_natural_restore,0.072
PT15,Wetlands_natural_restore,0.063
SK02,Wetlands_natural_restore,0.058
DEC0,Wetlands_natural_restore,0.054
NL34,Wetlands_natural_restore,0.046
FI16,Wetlands_natural_restore,0.041
LU03879,Wetlands_natural_restore,0.037
PT15,Wetlands_natural_restore,0.035
NL23,Wetlands_natural_restore,0.031
PT11,Wetlands_natural_restore,0.03
LU04060,Wetlands_natural_restore,0.025
LU04061,Wetlands_natural_restore,0.023
IT51,Wetlands_natural_restore,0.022
RO03,Wetlands_natural_restore,0.02
IT31,Wetlands_natural_restore,0.016
SK03,Wetlands_natural_restore,0.015
IT40,Wetlands_natural_restore,0.014
LU03880,Wetlands_natural_restore,0.012
FI20,Wetlands_natural_restore,0.012
DEC0,Wetlands_natural_restore,0.012
LU04239,Wetlands_natural_restore,0.011
IT32,Wetlands_natural_restore,0.011
LU04059,Wetlands_natural_restore,0.01
DE26,Wetlands_natural_restore,0.01
RO03,Wetlands_natural_restore,0.007
AT12,Wetlands_natural_restore,0.006
DEA2,Wetlands_natural_restore,0.006
LU04058,Wetlands_natural_restore,0.005
LU04240,Wetlands_natural_restore,0.004
LU03879,Wetlands_natural_restore,0.002
LU04241,Wetlands_natural_restore,0.002
DE73,Wetlands_natural_restore,0.002
IT31,Wetlands_natural_restore,0.002
PT11,Wetlands_natural_restore,0.002
RO04,Wetlands_natural_restore,0.002
LU04239,Wetlands_natural_restore,0.001
DE11,Wetlands_natural_restore,0.001
DE11,Wetlands_natural_restore,0.001
DEG0,Wetlands_natural_restore,0.001
DEG0,Wetlands_natural_restore,0.001
RO01,Wetlands_natural_restore,0.001
LU04241,Wetlands_natural_restore,0
RO04,Wetlands_natural_restore,0
